Agency,Agency Head,Address - Street,Address - Street 2,Address - PO Box,Address - Locality,Address - Zip Code,Phone,Fax,Contact,URL,URL - Social - Facebook
Abingdon Police Department,Tony Sullivan ,,,PO Box 1326,Abingdon,24212,276-628-3111,276-676-1136,psullivan@abingdon.com,www.abingdon-va.gov/apd_index.html,
Virginia Highlands Community College PD,Randall B Andis ,130 VHCC Drive,,PO Box 828,Abingdon,24212-0828,276-739-2448,276-739-2590,bandis@vhcc.edu,www.vhcc.edu/police,
Washington County Sheriff`s Office,Fred P Newman,20281 Rustic Lane,,,Abingdon,24212-0787,276-676-6000,276-676-6248,fnewman@washso.org,www.washcova.com/government/constitutionaloffices/sheriff,
Accomack County Sheriff's Office,Todd E Godwin,23323 Wise Court,,PO Box 149,Accomac,23301,757-787-1131,757-787-2310,tgodwin@co.accomack.va.us,www.co.accomack.va.us/government/constitutional-officers/sheriff,
Alberta Police Department,Michael A Brown,,,PO Box 157,Alberta,23821,434-949-7443,434-949-7443,police@town.bridgewater.va.us,,
Meherrin River Regional Jail,Crystal L Willett,9000 Boydton Plank Road,,,Alberta,23821,434-949-7064,434-949-7065,cwillett@mrrj.org,www.mrrj.org,
Alexandria City Sheriff's Office,Dana A Lawhorne,2003 Mill Road,,,Alexandria,22314,703-746-4111,703-746-5033,alexandriasheriff@alexandriava.gov,ci.alexandria.va.us/sheriff,
Alexandria Department Of Emergency Communications,Jo Anne Munroe,3600 Wheeler Ave,3rd Fl,,Alexandria,22304,703-746-4444,703-746-1889,joanne.munroe@alexandriava.gov,www.alexandriava.gov/emergencycommunications,
Alexandria Police Department,Earl L Cook ,3600 Wheeler Ave.,,,Alexandria,22304,703-838-4444,,earl.cook@alexandriava.gov,ci.alexandria.va.us/police,
Altavista Police Department,Mike Jones,,,PO Box 420,Altavista,24517,434-369-7425,434-369-5046,kiwalsh@altavistava.gov,www.altavistava.gov,
Amelia County Sheriff's Office,Ricky L Walker,16441 Court St.,,PO Box 463,Amelia,23002,804-561-2118,804-561-2759,rlwalker@ameliasheriff.org,,
Amherst County Public Safety,Gary M Roakes,119 Taylor Street,,PO Box 140,Amherst,24521,434-946-9307,434-946-9470,gmroakes@countyofamherst.com,www.countyofamherst.com,
Amherst County Sheriff's Office,L. J Ayers III,,,PO Box 410,Amherst,24521,434-946-9381,434-946-9380,ewviar@amherstsheriff.org,www.amherstsheriff.org,
Amherst Police Department,Robert G Kimbrel,174 S. Main Street,,PO Box 280,Amherst,24521,434-946-7874,434-946-2087,robert.kimbrel@amherstva.gov,,
Northern VA Community College Pd,Dan Dusseau ,8333 Little River Tpk.,CA Building 100,,Annandale,22003,703-764-5037,703-323-3849,ddusseau@nvcc.edu,,
Appalachia Police Department,Kenneth W Joyner,508 Main Street,,PO Box 112,Appalachia,24216,276-565-3906,276-565-3908,kjoyner@appalachiapd.com,townofapplachiava.us,
Appomattox County 911,Robert J Wingfield,339 Court Street,,,Appomattox,24522,434-352-3950,,bobby.wingfield@appomattoxcountyva.gov,,
Appomattox County Sheriff`s Office,Barry Letterman,,,PO Box 366,Appomattox,24522,434-352-8241,434-352-0445,,barry.letterman@appomattoxcountyva.gov,
Arlington County Emerg. Comm. Ctr.,John Crawford,1425 North Courthouse Road,,,Arlington,22201,703-228-3987,703-228-3667,,vcoles@arlingtonva.us,
Arlington County Police Department,Murray J Farr,1425 N. Courthouse Rd.,,,Arlington,22201,703-228-4040,703-228-4127,mfarr@arlingtonva.us,police.arlingtonva.us,
Arlington County Sheriff`s Office,Beth Arthur,1425 N. Courthouse Rd.,,,Arlington,22201,703-228-4460,703-228-4463,barthur@arlingtonva.us,www.co.arlington.va.us/sher,
Northern Virginia Criminal Justice Academy,William C O`Toole,45299 Research Place,,,Ashburn,20147-2600,703-729-4299,703-729-4634,wotoole@nvcja.org,www.nvcja.org,
Ashland Police Department,Douglas A Goodman Jr. ,601 England St,,PO Box 1600,Ashland,23005,804-798-1227,804-798-8739,dgoodman@ashlandpolice.us,www.ashlandpolice.us,
Bedford Communication Center,Jeffrey A Johnson,1345 Falling Creek Road,,,Bedford,24523,540-586-7827,540-586-7668,,j.johnson@bedfordcountyva.gov,
Bedford County Sheriff's Office,Michael J Brown,1345 Falling Creek Road,,,Bedford,245232230,540-586-4800,540-586-9100,mbrown@bedfordsheriff.org,www.co.bedford.va.us/Res/Sheriff,
Bedford Police Department,Fredrick T Foreman ,215 E Main Street,,,Bedford,24523,540-587-6011,540-586-7198,,police@bedfordva.gov,
Berryville Police Department,W. N White,101 Chalmers Ct,Suite A,,Berryville,22611,540-955-3863,540-955-0207,chiefofpolice@berryvilleva.gov,www.berryvilleva.gov,
Clarke County Sheriff's Office,Anthony W Roper,100 North Church Street,,PO Box 49,Berryville,22611,540-955-1234,540-955-4111,,troper@clarkecounty.gov,
Big Stone Gap Police Department,John S Hamm ,505 E. 5th St. South,,,Big Stone Gap,24219,276-523-0117,276-523-2794,,shamm@bigstonegap.org,
Mountain Empire Community College Campus Pd,Robert C England,3441 Mountain Empire Road,,,Big Stone Gap,24219,276-523-7473,276-523-8297,rengland@mecc.edu,www.me.vccs.edu/index.aspx?page=150,
Blacksburg Police Department,Anthony S Wilson ,200 Clay St. SW.,,,Blacksburg,24060,540-961-1152,540-552-8456,awilson@blacksburg.gov,www.blacksburg.gov,
Virginia Tech Pd,Kevin L Foust ,330 Sterrett Drive,PSB,,Blacksburg,24061,540-231-6512,540-951-2803,foustk@vt.edu,www.police.vt.edu,
,,,,,,,,,,,
Blackstone Police Department,Nicholas C Kuzmiak ,101 W. Elm St.,,,Blackstone,23824,434-292-3322,434-298-0209,chiefnck@blackstonevapd.org,www.blackstonevapd.org,
Bland County Sheriff's Office,Jerry L Thompson,612 Main Street,Suite 203,PO Box 449,Bland,24315,276-688-6150,276-688-3124,jthompson40@embarqmail.com,www.bland.org,
Bloxom Police Department,David Eder,,,PO Box 217,Bloxom,23308,757-678-5240,,,townofbloxom@verizon.net,
Bluefield Police Department,Michael S Gunter,,,PO Box 1026,Bluefield,24605,276-326-2622,276-326-2608,gunter@bluefieldva.org,town.bluefield.va.us/emergencyserv/policedept.html,
Boones Mill Police Department,Dennis Deacon,,,PO Box 66,Boones Mill,24065,540-334-5404,540-334-1307,,townofboonesmill@aol.com,
Bowling Green Police Department,M. Steven Hoskins,,,PO Box 468,Bowling Green,22427,804-632-1600,804-632-1048,,policechief@townofbowlinggreen.com,
Caroline County Sheriff's Office,A. Tony A Lippa Jr.,,,PO Box 39,Bowling Green,22427-0039,804-633-1120,804-633-1124,tlippa@co.caroline.va.us,www.carolinesheriff.org,
Peumansend Creek Regional Jail,Sandra D Thacker,,,PO Box 1460,Bowling Green,22427,804-633-0043,804-633-3170,thacker@pcrj.org,www.pcrj.org,
Boydton Police Department,Danny Fox ,461 Madison Street,,PO Box 62,Boydton,23917,434-738-6344,434-738-0200,foxhollow96@yahoo.com,,
Mecklenburg County Sheriff`s Office,Robert W Hawkins Jr.,911 Madison St,,PO Box 390,Boydton,23917,434-738-6171,434-738-6449,rhawkins@mcsova.us,www.mcsova.us,
Mecklenburg E-911 Communications,Ben Duncan,405 Madison St.,,PO Box 307,Boydton,23917,434-738-0029,434-738-6002,,ben.duncan@mecklenburgva.com,
Boykins Police Department,George R Brozzo,,,PO Box 363,Boykins,23827,757-556-2709,757-654-6361,,police@townofboykinsva.com,
Bridgewater Airpark Police Department,Terry Warlitner ,1402 Airport Road,,,Bridgewater,22812,540-383-5327,540-515-3959,twarlitner@dynamicaviation.com,,
Bridgewater College Police Department,Nicholas P Picerno ,402 East College Street,,,Bridgewater,22812,540-828-5761,540-515-3760,npicerno@bridgewater.edu,,
Bridgewater Police Department,Joseph M Simmons ,201 Green Street,,PO Box 94,Bridgewater,22812,540-828-2611,540-828-0136,police@town.bridgewater.va.us,,
Bristol City Sheriff's Office,Jack Weisenburger,417 Cumberland St.,,,Bristol,24201,276-645-7430,276-645-7428,Weisenburger@bvso.net,,
Bristol Police Department,John Austin ,501 Scott Street,,,Bristol,24201,276-645-7400,276-645-3797,bvacop@bristolva.org,,
Southwest Virginia Criminal Justice Trng Academy,Douglas H Cooley,330 Bonham Road,,,Bristol,24201,276-645-3700,276-645-3719,dcooley@bvu.net,,
Broadway Police Department,Carl R Collins,,,PO Box 156,Broadway,22815,540-896-1174,540-896-2011,broadwaypd@town.broadway.va.us,,
Brodnax Police Department,Fred A Parson Jr.,,,PO Box K,Brodnax,23920,,,brodnaxpd@yahoo.com,,
Brookneal Police Department,Ricky Baldwin,,,PO Box 450,Brookneal,24528,434-376-2650,434-376-1210,chiefbaldwin@townofbrookneal.com,,
Buckingham County Sheriff`s Office,W. Billy G Kidd Jr.,,,PO Box 50,Buckingham,23921,434-969-1772,434-969-2104,bkidd@buckinghamcounty.virginia.gov,,
Buena Vista Police Department,Richard K Hartman ,306 Park Avenue,,,Buena Vista,24416,540-261-6174,540-261-9505,khartman@bvcity.org,,
Buena Vista Sheriff's Office,W. Randy R Hamilton Jr.,2039 Sycamore Avenue,,PO Box 1031,Buena Vista,24416,540-261-8615,540-261-2424,rhamilton@bvcity.org,,
Rockbridge Regional Public Safety Comm. Ctr,Robert S Bedell,306 Park Avenue,Suite A,,Buena Vista,24416,540-261-9300,540-261-9303,rsbedell@sheriff.rockbridge.virginia.gov,,
Burkeville Police Department,William C Abel Jr. ,114 South Agnew Street,,,Burkeville,23922,434-767-2511,434-767-2652,bpdchiefwcabel@embargmail.com,,
Cape Charles Police Department,James W Pruitt,2 Plum Street,1st floor,,Cape Charles,23310,757-331-3096,757-331-1817,chief@capecharles.org,www.capecharles.org,
Chesapeake Bay Bridge-Tunnel PD,Edward A Spencer,32386 Lankford Highway,,,Cape Charles,23310,757-331-2960,757-331-4565,easpencer@cbbt.com,www.cbbt.com,
Chesapeake Bay Bridge-Tunnel Police Academy,Edward A Spencer,,,PO Box 111,Cape Charles,23310,757-331-2960,757-331-4565,easpencer@cbbt.com,,
Cedar Bluff Police Department,Matthew C Deel,,,PO Box 807,Cedar Bluff,24609-0807,276-964-4889,276-964-2045,matthewdeel.703@gmail.com,,
Fairfax County Criminal Justice Academy,Shawn P Bennett,14601 Lee Road,,,Chantilly,201511708,703-449-7272,703-449-7373,Shawn.Bennett@fairfaxcounty.gov,www.fairfaxcounty.gov/sheriff/academy.htm,
Charles City County Sheriff`s Office,Javier J Smith,,,PO Box 87,Charles City,23030,804-829-9265,804-829-2514,jsmith@co.charles-city.va.us,,
Charlotte County Sheriff`s Office,Thomas D Jones,222 Law Lane,,,Charlotte Court House,23923,434-542-5141,434-542-5100,tjones@cchsheriff.com,,
Albemarle - Charlottesville Regional Jail,Martin Kumer,160 Peregory Lane,,,Charlottesville,22902,434-977-6981,434-951-1339,kumerm@acrj.org,www.albemarle.org/department.asp?department=jail,
Albemarle County Police Department,Stephen L Sellers ,1600 5th Street,Suite D,,Charlottesville,22902-4596,434-296-5807,434-972-4061,sellerss@albemarle.org,www.albemarle.org/police,
Albemarle County Sheriff`s Office,J. E. Chip Harding,411 E. High Street,Building B,,Charlottesville,22902,434-972-4001,434-972-4065,jharding@albemarle.org,www.albemarleso.org,
Chasrlottesville/UVA/Albemarle Emerg Comm Ctr,Tom Hanson,2306 Ivy Road,,,Charlottesville,22903,434-971-1765,434-971-1767,thanson@albemarle.org,www.albemarle.org/ECC,
Charlottesville Albemarle Airport Police Dept.,Jessie Shupe,100 Bowen Loop,Suite 200,,Charlottesville,22911,434-973-8342,434-974-7476,jshupe@gocho.com,,
Charlottesville City Sheriffs Office,James E Brown,315 E. High Street,,,Charlottesville,22902,434-970-3777,434-970-3793,brownja@charlottesville.org,www.charlottesville.org/sheriff,
Charlottesville Police Department,Timothy J Longo Sr. ,606 E. Market St.,,,Charlottesville,22902-0000,434-970-3990,434-970-3502,longo@charlottesville.org,www.charlottesville.org/police,
Piedmont Virginia Community College Campus Pd,Michael C Wyatt,501 College Drive,,,Charlottesville,22902,434-961-5293,,mwyatt@pvcc.edu,pvcc.edu,
University of Virginia Police Department,Michael A Gibson ,2304 Ivy Road,,PO Box 400214,Charlottesville,22903-44790,434-924-7166,434-982-2817,magibson@virginia.edu,http://www.virginia.edu/uvapolice/,
Chase City Police Department,Job A Jordan,219 E. Second St.,,,Chase City,23924,434-372-5112,434-372-5246,ccpd@kerrlake.com,,
Chatham Police Department,Marvin L Wright ,16 Court Place,,PO Box 370,Chatham,24531,434-432-8153,434-432-4817,chiefwright.cpd@comcast.net,,
Pittsylvania County Communications Center,James E Davis,,,PO Box 426,Chatham,24531,434-432-7920,434-432-7950,jim.davis@pittgov.org,www.pittgov.org/E911,
Pittsylvania County Sheriff`s Office,Michael W Taylor,21 North Main Street,,PO Box 407,Chatham,24531,434-432-7807,434-432-7823,mike.taylor@pittgov.org,www.pittsylvaniesheriff.org,
Chesapeake City Sheriff's Office,James J O`Sullivan,,,PO Box 15125,Chesapeake,23328,757-382-6159,757-382-8392,josullivan@cityofchesapeake.net,www.chesapeake.va.us/services/depart/sheriff/sheriff.html,
Chesapeake Police Academy,Mike L Cole,1080 Sentry Drive,,,Chesapeake,23323,757-382-1525,757-485-8452,mlcole@cityofchesapeake.net,,
Chesapeake Police Department,Kelvin L Wright ,304 Albemarle Drive,,PO Box 15225,Chesapeake,23322,757-382-6404,757-382-6331,klwright@cityofchesapeake.net,www.chesapeake.va.us/services/depart/police/police.html,
Chesapeake Sheriff's Training Academy,Jenny O`Sullivan,1080 Sentry Drive,,,Chesapeake,23323,757-382-1550,757-673-8317,jlosullivan@cityofchesapeake.net,www.chesapeakesheriff.com/training.htm,
Chesterfield County Emergency Communications Ctr.,Richard F Troshak,6610 Public Safety Way,,PO Box 40,Chesterfield,23832,804-706-2595,804-717-6610,troshakr@chesterfield.gov,www.chesterfield.gov/ecc/,
Chesterfield County Police Academy,Mike Breeden,6610 Public Safety Way,,PO Box 148,Chesterfield,23832,804-751-4490,804-717-6474,breedenm@chesterfield.gov,www.chesterfield.gov/police.aspx?id=7311,
Chesterfield County Police Department,Thierry G Dupuis,,,PO Box 148,Chesterfield,23832,804-748-1266,804-748-1239,ccpd@chesterfield.gov,chesterfield.gov/PublicSafety/police/pol_home.htm,
Chesterfield County Sheriff's Training Academy,Anthony D Dowdy,6610 Public Safety Way,,,Chesterfield,23832,804-751-4716,804-318-8484,dowdyt@chesterfield.gov,www.chesterfield.gov/content2.aspx?id=7247,
Chesterfield County Sheriff`s Office,Karl S Leonard,,,PO Box 7,Chesterfield,23832,804-748-1261,,LeonardK@chesterfield.gov,www.chesterfieldsheriff.com,
Virginia Crime Prevention Association,Tami Wyrick,,,PO Box 134,Chesterfield,23832,804-318-1270,804-318-1273,,vcpa.org,
Chilhowie Police Department,Stephen W Price,,,PO Box 5012,Chilhowie,24319,276-646-3232,276-646-4094,Chilhowie.Price@Chilhowie.org,,
Chincoteague Police Department,James R Mills,6150 Community Drive,,,Chincoteague Island,23336,757-336-3155,757-336-6970,rmills@chincoteague-va.gov,www.chincoteague-va.gov/citizens/law-enforcement,
Christiansburg Police Department,Mark A Sisson,10 East Main Street,,,Christiansburg,24073,540-382-3131,540-382-1527,msisson@christiansburg.org,www.christiansburg.org/police,
Montgomery County Sheriff`s Office,Charles H Hank Partin,1 East Main Street,,,Christiansburg,24073,540-382-6915,540-381-6898,mcso-info@montgomerycountyva.gov,www.montgomerycountyva.gov/content/15987/16013/default.aspx,
Clarksville Police Department,Ricky E Wilkinson,,,PO Box 1147,Clarksville,23927,434-374-5743,434-374-9082,clarksvillepd@verizon.net,,
Clifton Forge Police Department,Barry G Balser ,547 Main St.,,,Clifton Forge,24422,540-863-2513,540-863-2537,barry.balser@cliftonforgeva.gov,,
Clinchco Police Department,Jackie Mullins,156 Main Street,,PO Box 357,Clinchco,24226,276-835-1160,276-835-9420,policedept.clinchco@yahoo.com,,
Clintwood Police Department,Ricky G Mullins,,,PO Box 647,Clintwood,24228,276-926-8710,276-926-4013,policedept1@verizon.net,,
Dickenson County 911,Matt Slemp,5444 Dickenson Highway,,PO Box 2050,Clintwood,24228,276-926-6330,276-926-8964,mslemp@dc911.org,http://www.dickensonva.org/index.aspx?NID=300,
Dickenson County Sheriff`s Office,Bobby G Hammons,1019 Happy Valley Drive,,PO Box 339,Clintwood,24228,276-926-1600,276-926-1606,bobby.hammons@sheriff.dc911.org,www.dickensonctyva.com/html/sheriffs_office.html,
Coeburn Police Department,Scott A Brooks,,,PO Box 370,Coeburn,24230,276-395-2111,276-395-7240,sbrooks@townofcoeburn.com,,
Martinsville-Henry County Joint Dispatch Center,Virgil L Powell Jr,,,PO Box 7,Collinsville,24078,276-632-7677,276-638-1394,vpowell@co.henry.va.us,,
Colonial Beach Police Department,Robert D Plott,907 McKinney Boulevard,,,Colonial Beach,22443,804-224-7402,804-224-8216,,,
Colonial Heights City Sheriff`s Office,Todd B Wilson,401 Temple Ave.,,,Colonial Heights,23834,804-520-9352,804-520-9248,sheriff@colonialheightsva.gov,www.colonial-heights.com/Sheriff.htm,
Colonial Heights Emergency Communications Center,Eric Albert,100 B Highland Avenue,,,Colonial Heights,23834-9001,804-520-9317,804-520-9302,alberte@colonialheightsva.gov,www.colonialheightsva.gov,
Colonial Heights Police Department,Jeffrey W Faries,100 A Highland Avenue,,PO Box 3401,Colonial Heights,23834,804-520-9300,804-520-9226,fariesj@colonialheightsva.gov,www.colonial-heights.com/Police.htm,
Courtland Police Department,Hunter K Story,,,PO Box 39,Courtland,23837-0000,757-653-2222,,courtland.townofc@verizon.net,,
Southampton County Sheriff`s Office,J. B. Jack Stutts,,,PO Box 70,Courtland,23837,757-653-2100,757-653-2906,stutts@shso.org,www.shso.org/,
Alleghany County Sheriff`s Office,Kevin W Hall,268 W. Main Street,,,Covington,24426,540-965-1770,540-965-4915,khallacso@ntelos.net,,
Covington Police Department,Joseph B Broughman,333 W. Locust Street,,,Covington,24426,540-965-6333,540-965-6334,JBroughman@covington.va.us,www.covington.va.us,
Craigsville Police Department,Kerry V Kothbauer,,,PO Box 237,Craigsville,24430,540-997-5935,540-997-1120,kerrykothbauer@yahoo.com,,
Crewe Police Department,"Arthur A Booth, II ",125 E. Carolina Ave,,,Crewe,23930,434-645-7472,434-645-1240,crewepd1@embarqmail.com,,
Dept of Corrections/Academy for Staff Development,Lisa C Hernandez,"1900 River Rd., West",,,Crozier,23039,804-784-6802,804-784-6999,lisa.hernandez@vadoc.virginia.gov,www.vadoc.state.va.us/about/directory/academy.shtm,
Culpeper County Communications E 911,William E Martin Jr.,14022 Public Safety Court,,,Culpeper,22701,540-727-7900,540-727-9554,wmartin@culpepercounty.gov,web.culpepercounty.gov,
Culpeper County Sheriff's Office,Scott Jenkins,110 West Cameron Street,,,Culpeper,22701,540-727-7520,540-727-3466,mrobson@culpepercounty.gov,www.culpepersheriffsoffice.com,
Culpeper Police Department,Chris R Jenkins ,740 Old Brandy Road,,,Culpeper,22701,540-727-3430,540-727-7528,cjenkins@culpeperva.gov,,
Cumberland County Sheriff`s Office,Darrell L Hodges,,,PO Box 71,Cumberland,23040,804-492-4120,804-492-5811,dhodges@cumberlandcounty.virginia.gov,www.cumberlandcounty.virginia.gov/sheriff/index.html,
Damascus Police Department,Roger L Dowell,208 West Laurel Avenue,,,Damascus,24236,276-475-3341,276-475-3339,roger.dowell@damascuspolice.com,www.damascus.org/police.html,
Danville Adult Detention Center,Frank E Mardavich,1000 South Boston Rd.,,,Danville,24540,434-799-5233,434-799-5219,mardafe@ci.danville.va.us,,
Danville City Sheriff's Office,Michael S Mondul,401 Patton Street,,,Danville,24541,434-799-5135,434-799-8719,mondums@ci.danville.va.us,www.ci.danville.va.us/sheriff/sheriff.htm,
Danville Division of Emergency Communications,Steven R Dishman,600 Lynn Street,,,Danville,24541,434-799-6535,434-797-8943,dishmsr@danvilleva.gov,www.danville-va.gov,
Danville Police Department,Philip A Broadfoot,,,PO Box 3300,Danville,24543,434-799-6515,434-797-8115,broadpa@ci.danville.va.us,www.danville-gov.,
Dayton Police Department,Daniel Hanlon,125 A E. View St.,,,Dayton,22821-9709,540-879-2161,540-879-2267,dhanlon@daytonva.us,,
Dinwiddie County Sheriff`s Office,Donald T Adams,14230 Sycamore Dr,,,Dinwiddie,23841,804-469-4550,804-469-4062,dadams@dinwiddieva.us,www.dinwiddie.va.us,
Crater Criminal Justice Training Academy,Jon J Cliborne,6130 County Drive,,,Disputanta,23842,804-722-9742,804-722-9574,jcliborne@ccja.org,www.ccja.org,
Kings Dominion Police Department,Hezy R Braxton ,16000 Theme Park Way,,,Doswell,23047,804-876-5388,804-876-5705,hezy.braxton@kingsdominion.com,,
Drakes Branch Police Department,Tommy Galbreath,,,PO Box 191,Drakes Branch,23937,434-568-3091,434-568-5020,drakesbr@hovac.com,www.towndrakesbranch.com,
Dublin Police Department,Dennis R Lambert,,,PO Box 1066,Dublin,24084,540-674-5167,540-674-4799,dlambert@dublinpd.org,www.dublinpd.org,
New River Criminal Justice Training Academy,Martin Alford,,,PO Box 1085,Dublin,24084,540-674-5846,540-674-5849,martya@nrcjta.org,www.nrcjta.org,
New River Valley Regional Jail,Gerald A McPeak,,,PO Box 1067,Dublin,24084,540-643-2000,540-643-2010,gmcpeak@nrvrj.org,,
Dumfries Police Department,Rebecca S Edwards ,18130 Triangle Shopping Plaza,,,Dumfries,22026,703-221-1111,703-221-1011,redwards@dumfriesva.gov,www.dumfriesva.gov,
Eastville Police Department,David Eder,,,PO Box 747,Eastville,23347,757-678-5240,757-678-5047,eastvillepd@esva.net,http://www.eastvillepd@esva.net,
Northampton County Sheriff`s Office,David L Doughty Jr.,5211 The Hornes,,PO Box 68,Eastville,23347,757-678-0460,757-678-0494,sheriff@co.northampton.va.us,www.co.northampton.va.us,
Edinburg Police Department,,101 Town Hall Avenue,,PO Box 85,Edinburg,22824,540-984-3434,540-984-8429,,,
Elkton Police Department,Aaron B Hammer,173 W. Spotswood Ave.,,,Elkton,22827,540-298-9441,540-298-9499,elktonpd@townofelkton.com,elktonva.gov,
Emory & Henry College Police Department,Christopher S Poore,,,PO Box 947,Emory,24327-0947,276-944-6890,276-944-6121,Pooresc@ehc.edu,,
Emporia City Sheriff's Office,Sam C Brown,201 South Main Street,,PO Box 511,Emporia,23847,434-634-4671,434-634-9982,emporiasheriff@hotmail.com,,
Emporia Police Department,Donald R Wyatt Jr. ,310 Budd Street,,,Emporia,23847-1788,434-634-2121,434-634-7326,dwyatt@emporiapolice.org,www.emporiapolice.org,
Greensville County Sheriff`s Office,James R Edwards Jr.,174 Uriah Branch Way,,,Emporia,23847,434-348-4200,434-634-9615,tjarratt.gcso@telpage.net,,
Southside Regional Jail,Karen W Craig,244 Uriah Branch Way,,,Emporia,23847,434-634-2254,434-634-3730,kcraig@telpage.net,,
Exmore Police Department,Angelo Dimartino,,,PO Box 647,Exmore,23350-0647,757-442-5405,757-442-4038,exmore178@yahoo.com,,
Fairfax City Police Department,Carl R Pardiny,3730 Old Lee Highway,,,Fairfax,22030,703-385-7924,703-246-6303,carl.pardiny@fairfaxva.gov,fairfaxva.gov,
Fairfax County Police Department,Edwin C Roessler Jr.,4100 Chain Bridge Road,,,Fairfax,22030,703-246-4277,703-246-3876,chief@fairfaxcounty.gov,www.fairfaxcounty.gov/police/,
Fairfax County Sheriff's Office,Stacey A Kincaid,10459 Main Street,,,Fairfax,22030,703-246-3260,703-359-4192,stacey.kincaid@fairfaxcounty.gov,www.fairfaxcounty.gov/sheriff/,
Fairfax Public Safety Communication,Steve Souder,4890 Alliance Drive,,,Fairfax,22030,571-350-1701,,steve.souder@fairfaxcounty.gov,http://infoweb.fairfaxcounty.gov/dpsc/default.htm,
George Mason University Police Dept.,Eric M Heath ,4400 University Dr.,MS 3D3,,Fairfax,22030,703-993-3840,703-993-2865,eheath2@gmu.edu,www.gmu.edu/police,
Falls Church City Sheriff`s Office,Stephen S Bittle,300 Park Ave.,,,Falls Church,22046,703-248-5111,703-248-5229,sbittle@fallschurchva.gov,www.fallschurchva.gov,
Falls Church Police Department,Mary E Gavin ,300 Park Ave,,,Falls Church,22046,703-248-5069,703-248-5158,mgavin@fallschurchva.gov,www.fallschurchva.gov/292/police,
Farmville Emergency Communications Center,Gilbert Wood Jr.,,,PO Drawer 368,Farmville,23901,434-392-3332,434-392-1892,gwood@farmvilleva.com,www.farmvilleva.com,
Farmville Police Department,Curtis Davis,116 N. Main Street,,PO Box 24,Farmville,23901,434-392-9259,434-392-9901,cdavis@farmvilleva.com,,
Longwood University Police Department,Robert R Beach,304 Brock Commons,,,Farmville,23909,434-395-2091,434-395-2820,beachrr@longwood.edu,www.longwood.edu/police/pages/police.htm,
Piedmont Regional Jail,Donald L Hunter,,,P.O. Drawer 388,Farmville,23901,434-392-1601,434-392-1795,dlhunter@prjva.org,,
Prince Edward County Sheriff`s Office,Wesley Reed,124 N. Main St.,,PO Box 25,Farmville,23901,434-392-8101,434-392-6730,sheriff@co.prince-edward.va.us,,
Ferrum College Police Department,James F Owens ,10021 Franklin St,,,Ferrum,24088,540-365-4255,540-365-4256,jfowens@ferrum.edu,,
Botetourt County Sheriff`s Office,Ronald N Sprinkle,205 North Roanoke St.,,PO Box 18,Fincastle,24090,540-473-8230,540-473-2263,RSprinkle@Botetourt.org,www.botetourtsheriff.org,
Woodrow Wilson Rehabilitation Center,Mike J Littek,,Box W230,PO Box 1500,Fishersville,22939,540-332-7444,540-332-7008,Michael.littek@wwrc.virginia.gov,http://wwrc.virginia.gov,
Floyd County Sheriff's Office,Brian J Craig,100 E. Main,Room 206,,Floyd,24091,540-745-9334,540-745-9344,bcraig@floydcova.org,,
Franklin Police Department,Phillip M Hardison,1018 Pretlow Street,,,Franklin,23851,757-562-8575,757-562-0877,phardison@franklinpolice.org,www.franklinva.com/police/police_default.htm,
Fredericksburg City Sheriff`s Office,Paul W Higgs,,,PO Box 448,Fredericksburg,22404,540-372-1056,540-372-7213,higgspw@fredericksburgva.gov,www.fredericksburgva.gov,
Fredericksburg Police Department,David W Nye,2200 Cowan Boulevard,,,Fredericksburg,22401,540-373-3122,540-371-4474,dnye@pd.fredericksburgva.gov,www.fredericksburgva.gov/index.aspx?nid=428,
Rappahannock Regional Criminal Justice Academy,Mike Harvey,3630 Lee Hill Drive,,,Fredericksburg,22408,540-371-2875,540-371-4404,mharvey@rrcja.org,www.rrcja.org,
University of Mary Washington Police Department,Eddie Perry ,1301 College Ave,Brent House,,Fredericksburg,22401,540-654-1025,540-654-1073,mhall2@umw.edu,http://www.umw.edu/police/,
Front Royal Police Department,Norman A Shiflett ,23 East Jackson Street,,,Front Royal,22630,540-635-2111,540-635-6160,nshiflett@frontroyalva.com,www.frontroyalva.com,
Rappahannock-Shenandoah-Warren Regional Jail,William T Wilson,6601 Winchester Rd,,,Front Royal,22630,540-622-5010,540-622-2846,william.wilson@rswregionaljail.com,rswregionaljail.com,
Warren County Sheriff's Office,Daniel T McEathron,200 Skyline Vista Drive,,,Front Royal,22630,540-635-7243,540-636-4950,sheriffmceathron@warrencountysheriff.org,www.warrencountysheriff.org/,
Galax Police Department,Richard C Clark Jr.,353 N Main Street,,,Galax,24333,276-236-8101,276-236-2965,rclark@galaxva.com,www.galaxva.com,
Gate City Police Department,"Scott L Fink, Acting Chief",156 East Jackson Street,,,Gate City,24251,276-690-0755,276-386-7789,sfink@gatecitypolice.com,,
Scott County E911,Janice tutti Jennings,239 Nena Street,,,Gate City,24251,276-386-7220,276-386-9080,jjennings@scottcountyva.com,,
Scott County Sheriff's Office,John Puckett,267 Willow Street,Suite 102,,Gate City,24251,276-386-7679,276-386-2025,sheriff@scottcountyva.com,,
Glade Spring Police Department,Ricky Stumbo,228 West Glade Street,,,Glade Spring,24340,276-429-2333,276-429-1124,rstumbo@gladespringva.com,,
Glasgow Police Department,Frederick W Smith,1100 Blue Ridge Road,,,Glasgow,24555,540-258-2732,540-258-1325,fsmith@glasgowvirginia.org,www.glasgowvirginia.org,
Virginia Associaton of Chiefs of Police,Dana Schrad,880 Technology Park Drive,Suite 100,,Glen Allen,23059,804-285-8227,804-285-3363,dana@vachiefs.org,www.vachiefs.org,
Glen Lyn Police Department,Wesley E Bradley ,,,PO Box 88,Glen Lyn,24093,540-726-7075,540-726-2188,,,
Gloucester County Sheriff`s Office,Darrell Warren,7502 Justice Drive,,,Gloucester,23061,804-693-1371,804-693-1122,dwarren@gloucesterva.info,www.gloucester.info/sheriff,
Goochland County Sheriff`s Office,James L Agnew,,,PO Box 29,Goochland,23063,804-556-5349,804-556-5672,dwoodson@co.goochland.va.us,www.co.goochland.va.us,
Gordonsville Police Department,Clayton D Corbin ,112 S. Main Street,,PO Box 276,Gordonsville,22942,540-832-2234,540-832-5568,ccorbin@gordonsville.org,www.townofgordonsville.org,
Gretna Police Department,David Wilkes ,105 South Shelton St.,,PO Box 602,Gretna,24557,434-656-6123,434-656-9379,gretna.police@townofgretna.org,,
Grottoes Police Department,John Painter ,601 Dogwood Ave.,,PO Box 146,Grottoes,24441,540-249-5707,540-249-3547,jpainter@ci.grottoes.va.us,www.ci.grottoes.va.us,
Buchanan County Sheriff's Office,Ray Foster,,,PO Box 970,Grundy,24614,276-935-2567,276-935-2777,sheriffray1@gmail.com,,
Grundy Police Department,Aaron C Fletcher ,1185 Plaza Drive,,,Grundy,24614,276-935-1993,276-935-2468,gpd036@yahoo.com,,
Halifax County E-911 Communications Center,Wendy E Jones,,,PO Box 699,Halifax,24558,434-476-1784,434-476-5300,hce911@co.halifax.va.us,,
Halifax County Sheriff's Office,Fred Clark,,,PO Box 370,Halifax,24558,434-476-3339,434-476-2057,hcso@hcso.us.com,,
Halifax Police Department,Kevin E Lands ,,,PO. Box 627,Halifax,24558,434-476-2526,434-476-6344,policechief@townofhalifax.com,,
Hallwood Police Department,Wilson S Glenn,11479 Ridge Avenue,,PO Box 5,Hallwood,23359,757-854-5574,757-824-0684,,,
Hampden - Sydney College Police,Douglas E Mooney ,,,PO Box 151,Hampden-Sydney,23943,434-223-6164,434-223-7078,jgee@hsc.edu,www.hsc.edu/security,
Hampton City Sheriff's Office,B J Roberts,1928 West Pembroke Avenue,,,Hampton,23661,757-926-2540,757-926-2537,broberts@hampton.gov,www.hampton.va.us/sheriff,
Hampton Police Academy,Scott J Keller,1501 Bethel Avenue,,,Hampton,23669,757-268-1020,757-727-1284,skeller@hampton.gov,,
Hampton Police Department,Terry L Sult ,40 Lincoln St.,,,Hampton,23669-3591,757-727-6510,757-727-6774,tsult@hampton.gov,www.hampton.va.us/hpd,
Hampton University Police Dept.,David E Glover ,607 Cemetery Road,,,Hampton,23668,757-727-5300,757-727-5007,davide.glover@hamptonu.edu,www.hamptonu.edu/police/,
Thomas Nelson Comm. College PD,Kelvin O Maxwell,,,PO Box 9407,Hampton,23670,757-825-2732,757-825-3804,maxwellk@tncc.edu,tncc.edu,
Dept. of Juvenile Justice Training Academy,J. Patrick Bridge,7093 Broad Neck Road,,,Hanover,23069,804-537-5316,,patrick.bridge@djj.virginia.gov,www.djj.virginia.gov/adminpages/training/aspx,
Hanover County Emergency Communications,Philip M Heins,7501 Library Drive,,,Hanover,23069,804-365-6142,804-365-6300,cjshaffer@hanovercounty.gov,www.co.hanover.va.us/communications/,
Hanover County Sheriff's Academy,Lonnie A Carter,7532 Courtland Farm Road,,PO Box 40,Hanover,23069,804-365-6062,804-537-5330,lacarter@hanovercounty.gov,www.hanoversheriff.com,
Hanover County Sheriff's Office,David R Hines,7522 County Complex Road,,PO Box 40,Hanover,23069,804-365-6110,804-365-6390,drhines@hanovercounty.gov,www.hanoversheriff.com,
Pamunkey Regional Jail,James C Willett,7240 Courtland Farm Rd.,,PO Box 510,Hanover,23069,804-537-6400,804-537-6418,jcwillett@hanovercounty.gov,www.co.hanover.va.us/regionaljail/default.htm,
Harrisonburg Police Department,Stephen Monticelli ,101 N. Main Street,,,Harrisonburg,22802,540-437-2600,540-437-2614,spmonticelli@harrisonburgva.gov,www.harrisonburgva.gov/police,
Harrisonburg-Rockingham ECC,Jim L Junkins,101 North Main Street,5th Floor,,Harrisonburg,22802,540-434-4436,540-434-2512,JLJunkins@hrecc.org,,
James Madison University Police Department,Lee A Shifflett ,821 South Main Street,MSC 6810,,Harrisonburg,22807,540-568-6913,540-568-7926,Shifflla@jmu.edu,www.jmu.edu/pubsafety,
Rockingham Co. Sheriff's Office,Bryan F Hutcheson,25 S. Liberty Street,,,Harrisonburg,22801-3714,540-564-3812,540-564-3865,bhutcheson@rockinghamcountyva.gov,www.rcso-va.com,
Haymarket Police Department,Noble Eric,15026 Washington St,,,Haymarket,20169,703-753-2700,703-753-1954,dlegg@townofhaymarket.org,www.townofhaymarket.org,
Haysi Police Department,George M Wallace ,,,PO Box 278,Haysi,24256,276-865-5187,276-865-9808,haysipolicedept@dcwin.org,,
Northumberland County Sheriff`s Office,James R Lyons,,,PO Box 310,Heathsville,22473,804-580-5221,804-580-5723,dlyons@northumberlandsheriff.net,,
Henrico County Division of Police,Douglas A Middleton,,,PO Box 90775,Henrico,23273,804-501-4840,804-501-4854,mid02@co.henrico.va.us,www.co.henrico.va.us/police/,
Henrico County Police Training Academy,Richard Brown,7701 E. Parham Road,,PO Box 90775,Henrico,23273,804-501-7163,804-501-7171,bro28@co.henrico.va.us,www.co.henrico.va.us/departments/police,
Henrico County Sheriff's Office,Michael L Wade,,,PO Box 90775,Henrico,23273,804-501-4570,804-501-5443,Traininggroup@co.henrico.va.us,www.co.henrico.va.us/sheriff,
Henrico Sheriff's Office Training Academy,Steward Prentis,,,PO Box 90775,Henrico,23273-0775,804-501-7222,804-501-7220,TrainingGroup@co.henrico.va.us,www.co.henrico.va.us/sheriff/training.html,
Virginia Dept Game & Inland Fisheries Training Academy,Jeffery L Mccuistion,,,PO Box 90788,Henrico,23228,804-367-6351,804-367-4391,jeff.mccuistion@dgif.virginia.gov,www.dgif.virginia.gov/law-enforcement/recruiting/,
Virginia Dept. Game & Inland Fisheries,Ronald B Henry,7870 Villa Park Drive,Suite 400,,Henrico,23228,804-367-0171,804-367-2430,ron.henry@dgif.virginia.gov,www.dgif.virginia.gov,
Herndon Police Department,Maggie A Deboard ,397 Herndon Pkwy,,,Herndon,20172-0427,703-435-6885,703-435-4516,maggie.deboard@herndon-va.gov,,
Carroll County Sheriff's Office,John B Gardner,,,PO Box 575,Hillsville,24343,276-728-4146,276-728-9992,jbgardner@carrollcountyva.org,www.carrollcountyva.org/sheriff,
Hillsville Police Department,Wesley N Yonce,,,PO Box 1835,Hillsville,24343,276-728-2251,276-728-0649,wesley.yonce@hillsvillepd.org,,
Honaker Police Department,Brandon J Cassell ,,,PO Box 746,Honaker,24260,276-873-5297,276-991-9217,Cheifcassell@outlook.com,,
Hopewell City Sheriff's Office,Luther Sodat,,,PO Box 1193,Hopewell,23860,804-541-2300,804-541-2326,lsodat@hopewellva.gov,,
Hopewell Police Department,John F Keohane ,300 N. Main St.,,,Hopewell,23860,804-541-2282,804-541-2206,jkeohane@hopewellva.gov,www.hopewellva.gov,
Hurt Police Department,Ronald D Rowland,533 Pocket Rd,,PO Box 760,Hurt,24563,434-324-4433,434-324-9247,rowlandhurtpd@yahoo.com,,
Grayson County Sheriff's Office,Richard A Vaughan,,,PO Box 160,Independence,24348,276-773-3241,276-773-2586,rvaughan@graysoncountyva.gov,www.graysoncountysheriff.com,
Independence Police Department,James D Wagoner,136 East Main Street,,PO Box 99,Independence,24348,276-773-3661,276-773-0492,james@independenceva.com,Independenceva.com,
Iron Gate Police Department,,,,PO Box 199,Iron Gate,24448,540-862-0770,540-862-1299,william.hodge@leo.gov,,
Isle Of Wight County Emergency Communications Center,Diane Jones,17110 Monument Circle,Suite C,,Isle Of Wight,23397,757-365-6274,757-357-0706,rbryan@isleofwightus.net,,
Isle of Wight County Sheriff`s Office,Mark A Marshall,17110 Monument Circle,Suite C,PO Box 75,Isle Of Wight,23397,757-357-2151,757-357-0706,mmarshall@isleofwightus.net,www.isleofwightsheriffsoffice.com/,
Jonesville Police Department,Terry Sivert ,842 Park Street,,,Jonesville,24263,276-346-1151,276-346-1325,chief@townofjonesville.org,www.townofjonesville.org,
Lee County Sheriff's Office,Gary B Parsons,,,PO Box 177,Jonesville,24263,276-346-7753,276-346-7706,sheriffsoffice@leecountysheriff.net,www.leecountysheriff.net,
Kenbridge Police Department,Raymond Hite ,,,PO Box 478,Kenbridge,23944,434-676-2453,434-676-3349,507hite@kenbridgeva.net,,
Kilmarnock Police Department,Michael S Bedell,,,PO Box 1357,Kilmarnock,22482,804-435-1200,804-435-1482,mbedell@kilmarnockva.com,,
King & Queen County Sheriff`s Office,John R Charboneau,242 Allen`s Circle,Suite A,PO Box 38,King & Queen Courthouse,23085,804-785-7400,804-785-5489,sheriff@kingandqueenco.net,,
King George County Sheriff`s Office,Steve F Dempsey,10445 Government Center Blvd,,,King George,22485,540-775-2049,540-775-0376,sdempsey@co.kinggeorge.state.va.us,king-george.va.us,
King William County Sheriff`s Office,J Jeff S Walton,351 Courthouse Lane,Suite 160,,King William,23086,804-769-0999,804-769-0334,kwso@kingwilliamcounty.us,kingwilliamcounty.us/departments-and-services/sheriffs-office/,
La Crosse Police Department,Richard L Lawson ,,,PO Box 178,Lacrosse,23950,434-757-1223,434-757-1228,rlawdog52@yahoo.com,www.lacrossepolicedepartment.org,
Lancaster County Sheriff`s Office,Patrick McCranie,8293 Mary Ball Road,,,Lancaster,22503,804-462-5111,804-462-7046,mccranie@lancastersheriff.net,www.lancastersheriff.net,
Brunswick County Sheriff`s Office,Brian K Roberts,120 East Hicks Street,,PO Box 705,Lawrenceville,23868,434-848-3133,434-848-6635,broberts@brunswickso.org,www.brunswickso.org,
Lawrenceville Police Department,Everette Gibson ,400 N. Main St.,,,Lawrenceville,23868,434-848-2414,434-848-9356,elgibson@lawrencevilleweb.com,www.lawrencevillepolice.org,
Lebanon Police Department,Mark A. Mitchell,405 West Main Street,,,Lebanon,24266,276-889-7227,276-889-4728,lebanonva@policeone.com,http://lebanonva.net/government/departments/,
Russell County Sheriff's Office,Steven Dye,35 Court Avenue,,PO Box 338,Lebanon,24266,276-889-8033,276-889-8203,rcso@russellcountyva.us,www.russellcountyva.us,
Leesburg Police Department,Joseph R Price ,65 Plaza Street NE,,,Leesburg,20176,703-771-4500,703-771-4580,jprice@leesburgva.gov,http://www.leesburgva.gov/government/departments/police-department,
Loudoun County Sheriff's Office,Michael L Chapman,803 Sycolin Road SE,,,Leesburg,20175,703-777-0407,703-771-5744,Mike.Chapman@loudoun.gov,loudoun.gov/sheriff,
Lexington Police Department,Alfred S Thomas Jr.,11 Fuller Street,,,Lexington,24450,540-462-3749,540-463-9257,lexpolice@lexingtonva.gov,lexingtonva.gov/173/police,
Rockbridge County Sheriff`s Office,Christopher J Blalock,258 Greenhouse Road,,,Lexington,24450,540-463-7328,540-463-5693,gsfunkhouser@sheriff.rockbridge.virginia.gov,,
Rockbridge Regional Jail,John Higgins,258 Greenhouse Road,,,Lexington,24450,540-464-1188,540-464-5866,rrjail@yahoo.com,,
Virginia Military Institute Police Department,Michael L Marshall,301 Letcher Avenue,,,Lexington,24450-0304,540-464-7017,540-464-7756,marshallml@vmi.edu,vmi.edu,
Germanna Community College PD,Craig L Branch ,2130 Germanna Highway,,,Locust Grove,22508,540-891-3007,540-423-1981,CBranch@germanna.edu,www.germanna.edu/college-police-department/,
Louisa County Sheriff's Office,Ashland D Fortune,1 Woolfolk Ave,,PO Box 504,Louisa,23093,540-967-1234,540-967-1916,afortune@louisa.org,www.louisacounty.com,
Louisa Police Department,Ronald R Roberts ,219 East Main St.,,PO Box 531,Louisa,23093,540-967-3011,540-967-3266,rroberts@louisatown.org,police.louisatown.org,
Nelson County Emergency Operations Center,Jaime D Miller,94 Courthouse Square,,PO Box 336,Lovingston,22949,434-263-7048,434-263-7046,jmiller@nelsoncounty.org,,
Nelson County Sheriff's Office,David W Hill,,,PO Box 36,Lovingston,22949,434-263-7050,434-263-7056,dhill@nelsoncounty.org,,
Lunenburg County Sheriff`s Office,Arthur Townsend Jr.,160 Courthouse Square,,,Lunenburg,23952,434-696-4452,434-696-2531,sheriff@lunenburgva.net,www.lunenburgva.net,
Luray Police Department,Carl S Cook ,45 East Main Street,,,Luray,22835,540-743-5343,540-743-7334,bowcook@townofluray.com,www.townofluray.com,
Page County Sheriff's Office,John B Thomas,108 S. Court St.,,,Luray,22835,540-743-6571,540-743-1252,pcso@pagesheriff.com,www.pagesheriff.com,
Babcock & Wilcox Police Department,Carl D Bradley ,,,PO Box 785,Lynchburg,24505-0785,434-522-6325,434-522-5351,cdbradley@bwxt.com,,
Blue Ridge Regional Jail Authority,Timothy E Trent,510 Ninth Street,,,Lynchburg,24504-0000,434-847-3100,434-847-5134,ttrent@brrja.state.va.us,,
Central Virginia Community College PD,Russell L Dove ,3506 Wards Road,,,Lynchburg,24502-2498,434-832-7700,434-832-7882,dover@cvcc.vccs.edu,http://www.cvcc.vccs.edu/security/,
Central Virginia Criminal Justice Academy,Ron Staton,1200 Church Street,,PO Box 287,Lynchburg,24505-0287,434-455-6188,434-847-1478,ron.staton@lynchburgva.gov,www.cvcja.org,
Liberty University Police Department,Richard D Hinkley ,1971 University Blvd.,,,Lynchburg,24502,434-592-7641,434-582-7616,lupd@liberty.edu,https://www.liberty.edu/lupd,
Lynchburg City Sheriff's Office,Ronald L Gillispie,907 Clay Street,,,Lynchburg,24501,434-847-1301,434-847-1355,ronald.gillispie@lynchburgva.gov,www.lynchburgsheriffsoffice.org,
Lynchburg Dept of Emergency Services,Melissa D Foster,3621 Candlers Mountain Road,,,Lynchburg,24502,434-455-4285,434-847-2541,melissa.foster@lynchburgva.gov,,
Lynchburg Police Department,Raul Diaz,905 Court St.,,,Lynchburg,24504,434-455-6045,434-845-3752,raul.diaz@lynchburgva.gov,www.lynchburgva.gov/police-department,
Lynchburg Regional Airport Police Department,C. Thomas Carter,350 Terminal Drive,,,Lynchburg,24502,434-455-6098,434-239-9027,ct.carter@lynchburgva.gov,,
Madison County Sheriff's Office,Erik J Weaver,115 Church Street,,PO Box 322,Madison,22727,540-948-5161,540-948-3069,mcsheriff@madisonco.virginia.gov,,
Manassas City Police Department,Douglas W Keen ,9518 Fairview Ave.,,,Manassas,20110,703-257-8001,703-368-6966,dkeen@ci.manassas.va.us,www.manassascity.org,
Prince William County Sheriff`s Office,Glendell Hill,9311 Lee Avenue,,,Manassas,20110,703-792-6415,703-792-7485,ghill@pwcgov.org,www.pwcsheriff.org/,
Prince Wm-Manassas Adult Regional Detention Center,Peter A Meletis,9320 Lee Ave.,,,Manassas,20110,703-792-6417,703-792-6718,pmeletis@pwcgov.org,www.pwcgov.org/ADC,
Manassas Park City Police Dept.,John C Evans ,329 Manassas Dr.,,,Manassas Park,20111,703-335-8846,703-335-1683,j.evans@manassasparkva.gov,manassasparkpolice.com/,
Marion Police Department,Willie R Anders,555 South Main Street,,,Marion,24354,276-783-8145,276-783-4001,randers@marionpd.net,www.marionpd.net,
Smyth County Sheriff's Office,Bradford C Shuler,819 Matson Drive,,,Marion,24354,276-783-7204,276-782-4058,cshuler@smythcounty.org,www.smythcounty.org,
Henry County Sheriff's Office,Lane A Perry,3250 Kings Mountain Road,,,Martinsville,24112-3960,276-656-4200,276-656-4229,lperry@co.henry.va.us,,
Martinsville Police Department,Sean L Dunn,55 W. Church St.,,PO Box 1101,Martinsville,24112,276-403-5310,276-403-5312,sdunn@ci.martinsville.va.us,www.ci.martinsville.va.us/police,
Martinsville Sheriff's Office,Steve M Draper,,,PO Box 1326,Martinsville,24114,276-403-5151,276-403-5286,smdraper@ci.martinsville.va.us,www.martinsvillesheriff.com,
Patrick Henry Community College PD,Gary C Dove,645 Patriot Avenue,,,Martinsville,24112,276-656-0200,,gdove@patrickhenry.edu,,
Piedmont Reg. Criminal Justice Training Academy,Alexander B S. Clary,1024 DuPont Road,,,Martinsville,24112,276-634-4532,276-634-4567,aclary@prcjta.org,www.prcjta.org,
Massanutten Police Department,Jesse S Gordon Jr. ,1735 Massanutten Drive,,,Massanutten,22840,540-289-9431,540-289-9531,police@massanuttenvillage.com,www.massanuttenpolice.com,
Mathews County Sheriff's Office,L. Mark Barrick,10622 Buckley Hall Road,,PO Box 190,Mathews,23109,804-725-7177,804-725-5982,sheriff@co.mathews.va.us,www.co.mathews.va.us,
Mckenney Police Department,Ernest W Coleman,,,PO Box 309,Mckenney,23872,804-478-4621,804-478-4121,tom309@verizon.net,,
Southwest Virginia Regional Jail Authority,Stephen Clear,,,PO Box 279,Meadowview,24361,276-739-3520,276-739-3534,sclear@swvrja.com,,
Eastern Shore Community College Pd,David A Rogers Sr.,29300 Lankford Highway,,,Melfa,23410,757-789-7990,757-789-1737,drogers@es.vccs.edu,www.es.vccs.edu,
Middleburg Police Department,Anthony aj J Panebianco,107 Federal Street,,PO Box 187,Middleburg,20118,540-687-6636,540-687-4064,ajpanebianco@townofmiddleburg.org,,
Lord Fairfax Community College Police Department,James C Roy ,173 Skirmisher Lane,,,Middletown,22645,540-868-7050,540-868-7100,jroy@lfcc.edu,www.lfcc.edu,
Middletown Police Department,Philip R Breeden ,7875 Church Street,,,Middletown,22645,540-868-0535,540-869-5094,chief@middletownva.gov,,
Highland County Sheriff's Office,Timothy J Duff,,,PO Box 485,Monterey,24465,540-468-2210,540-468-3040,hcso@htcnet.org,,
Westmoreland County Sheriff`s Office,C O Balderson,99 Court Square,,PO Box 305,Montross,22520,804-493-8066,804-493-8715,sheriff@westcoso.us,www.westcoso.us/,
Mount Jackson Police Department,Jeffrey H Sterner,,,PO Box 487,Mount Jackson,22842,540-477-2242,540-477-2302,mjpdchief@mountjackson.com,,
Narrows Police Department,Bentley O Ratcliffe ,100 Mary Street,,,Narrows,24124,540-726-7985,540-726-7566,narrowschief@suddenlinkmail.com,,
Craig County Sheriff's Office,LLoyd T Craddock,,,PO Box 266,New Castle,24127,540-864-5127,540-864-5129,craigsheriff@tds.net,www.craigcosheriffva.us,
New Kent County Sheriff's Office,John J Mclaughlin Jr.,,,PO Box 186,New Kent,23124-0186,804-966-9500,804-966-5050,jjmclaughlinjr@newkent-va.us,www.co.new-kent.va.us,
New Market Police Department,Christopher D Rinker,9418 John Sevier Rd.,,PO Box 58,New Market,22844,540-740-3776,540-740-9204,c.rinker@newmarketvirginia.com,,
Christopher Newport University PD,Andrew Engemann,1 Avenue of the Arts,,,Newport News,23606,757-594-7253,757-594-7610,andrew.engemann@cnu.edu,cnupd@cnu.edu,http cnu PD
Hampton Roads Criminal Justice Training Academy,Vince Ferrara,805 Middle Ground Blvd.,,,Newport News,23606,757-591-9059,757-595-1801,vferrara@hampton.gov,www.hrcjta.org,
Newport News City Sheriff`s Office,Gabe A Morgan,224 26th Street,,,Newport News,23607,757-926-8759,757-926-8429,dmizelle@nngov.com,www.nngov.com/sheriff,
Newport News Department of Adult Corrections,Judson D Moore Jr.,100 City Farm Road,,,Newport News,23602,757-369-8900,757-369-8908,jmoore@nngov.com,,
Newport News Police Department,Rick Myers,9710 Jefferson Avenue,,,Newport News,23605,757-928-4150,757-928-4602,myersrw@nngov.com,www.newport-news.va.us/police,
Newport News Police Training Academy,Morgen S Tietjens,5851 Jefferson Avenue,,,Newport News,23605,757-926-4064,757-926-4080,tietjensms@nnva.gov,nngov.com/police,
Newport News/Williamsburg Int`l Airport,Todd Rittenhouse ,900 Bland Blvd.,Suite G,,Newport News,23602,757-877-0221,757-969-6721,trittenhouse@flyphf.com,,
Virginia Marine Resources Commission,Richard L Lauderman,2600 Washington Ave.,3rd FL,,Newport News,23607,757-247-2278,757-247-2020,Rick.lauderman@mrc.virginia.gov,mrc.virginia.gov,
Prince William County Criminal Justice Academy,William M Cox,13101 Public Safety Dr.,,,Nokesville,20181-2438,703-792-4525,703-792-4495,wcox@pwcgov.org,www.pwcgov.org/default.aspx?topic=040074003420003866,
Eastern Virginia Medical School Pd,Andrew J Mitchell III ,,,PO Box 1980,Norfolk,23501-1980,757-446-5271,757-446-5005,mitcheaj@evms.edu,www.evms.edu,
Norfolk City Sheriff's Office,Robert J Mccabe,811 East City Hall Avenue,,,Norfolk,23510-0000,757-664-4951,757-441-2531,,www.norfolksheriffsoffice.com,
Norfolk Emergency Communications Center E911,Anthony Castillo,3661 E. Va. Beach Blvd.,,,Norfolk,23502,757-441-5599,757-466-9387,Anthony.castillo@norfolk.gov,,
Norfolk International Airport PD,Jayward Hanna ,2200 Norview Avenue,,,Norfolk,23518-5897,757-857-3345,757-857-3900,jhanna@norfolkairport.com,,
Norfolk Police Academy,Fred Pratt,2500 N. Military Highway,,,Norfolk,23502,757-664-6688,757-664-6919,fred.pratt@norfolk.gov,www.norfolk.gov/police,
Norfolk Police Department,Michael G Goldsmith ,100 Brooke Avenue,,,Norfolk,23510,757-664-3277,757-664-3278,michael.goldsmith@norfolk.gov,www.norfolk.gov/police/,
Norfolk Sheriff's Office Training Academy,Patrick J Dunn,811 E. City Hall Avenue,,,Norfolk,23510,757-441-5188,757-441-2204,patrick.dunn@norfolk.gov,www.norfolksheriffsoffice.com/tracademy1.html,
Norfolk Southern Railway Police,Michael S Smith,Three Commercial Place,,,Norfolk,23510,757-275-1340,757-275-1341,michael.smith3@nscorp.com,,
Norfolk State University Police Department,Troy Covington ,700 Park Avenue,,,Norfolk,23504,757-823-8102,757-823-9548,tjcovington@nsu.edu,www.nsu.edu,
Old Dominion University Police Dept.,Rhonda L Harris ,4516 Monarch Way,,,Norfolk,23508,757-683-4007,757-683-5660,rlharris@odu.edu,www.odu.edu/af/police,
Virginia Port Authority Police Dept.,Michael L Brewer,7737 Hampton Blvd.,Building One,,Norfolk,23505,757-683-2190,757-683-9385,mbrewer@portofvirginia.com,www.portofvirginia.com,
Riverside Regional Jail,Jeffrey Newton,500 Folar Trail North,,,Prince George,23860,804-524-6600,804-524-6659,jnewton@rrjva.org,,
Norton City Sheriff's Office,Carlos J Noaks,,,PO Box 307,Norton,24273,276-679-5308,276-679-3510,nortonsheriff@nortonva.gov,,
Norton Police Department,James C Lane,,,PO Box 618,Norton,24273,276-679-1211,276-679-2306,jamesl@nortonva.org,www.nortonva.org,
Nottoway County Sheriff's Office,Larry J Parrish,,,PO Box 6,Nottoway,23955,434-645-1630,434-645-1915,ljparrish@nottowaysheriff.org,nottowaysheriff.org,
Occoquan Police Department,Sheldon Levi,314 Mill Street,,PO Box 195,Occoquan,22125,703-491-1918,703-491-4962,slevi@occoquanva.gov,www.occoquanva.gov,
Onancock Police Department,Eric Williams,15 North Street,Municipal Building,,Onancock,23417,757-787-8577,757-787-3309,onancockpd@yahoo.com,,
Onley Police Department,John M Spivey,25559 East Main St.,,PO Box 622,Onley,23418,757-787-3985,757-787-5661,jspivey4344@yahoo.com,townofonley.org,
Central Virginia Regional Jail,Floyd G Aylor,13021 James Madison Highway,,PO Box 1257,Orange,22960,540-672-3222,540-672-4382,faylor@cvrj.org,cvrj.org,
Orange County Emergency Communications Center,Nicola Tidey,112 W. Main St.,,PO Box 111,Orange,22960,540-661-5433,540-672-6375,ntidey@orangecountyva.gov,,
Orange County Sheriff's Office,Mark A Amos,11350 Porter Rd.,,PO Box 445,Orange,22960,540-672-1200,540-672-9435,mamos@orangecountyva.gov,,
Orange Police Department,James L Fenwick ,249 Blue Ridge Drive,,,Orange,22960,540-672-1491,540-672-0162,policechief@townoforangeva.org,,
Fluvanna County Sheriff's Office,Eric Hess,160 Commons Boulevard,,,Palmyra,22963,434-589-8211,434-589-6594,ehess@fluvannasheriff.com,www.fluvannasheriff.com,
Lake Monticello Police Department,Thomas E Boisvert ,857 Jefferson Drive,,,Palmyra,22963,434-589-3215,434-589-2928,tboisvert@lakemonticellopolice.org,,
Parksley Police Department,Warren T Carpenter ,,,PO Box 256,Parksley,23421,757-665-5803,757-665-1455,Town@Parksley.org,,
Giles County Sheriff's Office,E. Morgan Millirons,503 Wenonah Ave,,,Pearisburg,24134,540-921-3842,540-921-4976,mmillirons@gilessheriff.org,www.gilessheriff.org,
Pearisburg Police Department,Jack C Martin,112 Tazewell St.,,,Pearisburg,24134,540-921-0340,540-921-0086,jmartin@pearisburg.org,,
Pembroke Police Department,Douglas W Sadler,101 Cascade Drive,,PO Box 5,Pembroke,24136,540-626-7965,540-626-3115,dougsadler122@yahoo.com,www.pembrokeva.org,
Pennington Gap Police Department,Jacob N Kilbourne,528 Industrial Drive,,,Pennington Gap,24277,276-546-1177,276-546-6328,jacob.kilbourne@townofpenningtonva.gov,http://www.townofpenningtonva.gov/,https://www.facebook.com/PenningtonGapPoliceDepartment/
Petersburg City Sheriff's Office,Vanessa R Crawford,8 Courthouse Ave.,,PO Box 2209,Petersburg,23804,804-733-2369,804-733-2406,sheriffcrawford@petersburg-so.com,,
Petersburg Police Department,John I Dixon III,37 East Tabb Street,,,Petersburg,23803,804-732-4222,804-863-2738,jdixon@petersburg-va.org,,
Richard Bland College Police Department,John Snyder ,8311 Halifax Rd.,,,Petersburg,23805,804-863-4085,,jsnyder@rbc.edu,,
Virginia State University Police Dept,Michael C Wallace ,,,PO Box 9405,Petersburg,23806,804-524-5360,804-524-5629,mwallace@vsu.edu,www.vsu.edu/police/welcome.htm,
Pocahontas Police Department,G. Michael Alford ,,,PO Box 128,Pocahontas,24635,276-945-5959,276-945-9904,pocahontasPD@comcast.net,,
Poquoson Police Department,Cliff Bowen ,774 Poquoson Ave.,,,Poquoson,23662,757-868-3501,757-868-8477,cbowen@poquoson-va.gov,,
Hampton Roads Regional Jail,David L Simons,2690 Elmhurst Lane,,,Portsmouth,23701,757-488-7500,757-488-2200,simonsd@hr.rj.virginia.gov,,
Portsmouth City Sheriff's Office,W O Watson,701 Crawford St.,,,Portsmouth,23704,757-393-5461,757-393-5295,watsonb@portsmouthva.gov,portsmouthsheriff.org,
Portsmouth Police Department,Dennis A Mook,801 Water St.,Suite 300,,Portsmouth,23704,757-393-8257,757-393-5255,mookd@portsmouthva.gov,www.portsmouth.va.us/ppd,
Portsmouth Sheriff's Training Academy,Byron Wilson,1725 Green Street,,,Portsmouth,23704,757-393-5440,757-393-5085,wilsonb@portsmouthva.gov,www.portsmouth.va.us/pso/training.htm,
Pound Police Department,Tony Baker,,,PO Box 880,Pound,24279-0426,276-298-7020,276-796-7289,tony@poundva.com,www.poundva.com/police,
Powhatan County Sheriff's Office,Brad Nunnally,3880 Old Buckingham Rd.,Suite A,,Powhatan,23139,804-598-5656,804-598-7058,bwnunnally@powhatansheriff.net,,
Prince George County Sheriff`s Office,Harold E Allin III,,,PO Box 366,Prince George,23875,804-733-2690,804-733-2629,hallin@princegeorgeva.org,,
Prince George Police Department,Edward Frankenstein,6600 Courthouse Rd.,,,Prince George,23875,804-733-2773,804-733-2658,efrankenstei@princegeorgeva.org,,
Prince William County Police Department,Stephan M Hudson ,1 County Complex Court,,,Prince William,22192,703-792-6650,703-792-7056,shudson@pwcgov.org,www.co.prince-william.va.us/police,
Prince William County Public Safety Communications,Phyllis Fullilove-Reid,3 County Complex Court,,,Prince William,22192,703-792-6659,703-792-7017,pfullilovereid@pwcgov.org,,
Pulaski County Joint 911 Communications Center,Christopher T Akers,802 East Main Street,,,Pulaski,24301,540-980-7858,540-994-5335,cakers@pcva911.org,,
Pulaski County Sheriff's Office,James Davis,86 E. Main St.,,,Pulaski,24301,540-980-7800,540-980-7834,jdavis@sheriffsoffice.org,http://www.sheriffsoffice.org,
Pulaski Police Department,Gary W Roche,42 First Street NW,,PO Box 660,Pulaski,24301,540-994-8667,540-994-8693,groche@pulaskitown.org,www.pulaskipd.net,
Purcellville Police Department,Cynthia A McAlister,125 Hirst Road,Suite 7A,,Purcellville,20132,540-338-7422,540-751-1697,cmcalister@purcellvilleva.gov,,
Quantico Police Department,John Clair,405 Broadway Street,,,Quantico,22134,703-640-7500,703-640-7475,jclair@townofquantico.org,,
Radford City Sheriff's Office,Mark R Armentrout,619 2nd Street,Suite 8,,Radford,24141,540-731-5501,540-731-5504,marmentrout@radford.va.us,,
Radford Police Department,Don K Goodman,20 Robertson Street,,,Radford,24141,540-731-5002,540-731-5017,dgoodman@radford.va.us,www.radford.va.us,
Radford University Police Department,Colleen Roberts,,,PO Box 6883,Radford,24142,540-831-5500,540-831-5554,ctroberts@radford.edu,www.radford.edu/~police,
Remington Police Department,Charles T Proffitt ,203 E. Main Street,,,Remington,22734,540-439-0344,540-439-9702,Charles.Proffitt@RemingtonPolice.com,,
Rich Creek Police Department,Steven D Buckland ,,,PO Box 65,Rich Creek,24147,540-726-3260,540-726-3047,richcreekpolice@gmail.com,,
Richlands Police Department,Frank Dorton,1851 Cranwell Drive,,,Richlands,24641,276-964-9134,276-964-2560,fdorton@richlands-va.gov,,
Southwest Virginia Comm. College PD,Ronnie L Kiser,,,PO Box SVCC,Richlands,24641,276-964-7221,276-964-7380,ronnie.kiser@sw.edu,www.sw.edu,
CSX Transportation Police,Joshua C Cease,4900 Old Osborne Turnpike,,,Richmond,23231,804-226-7596,804-226-7430,joshua_cease@csx.com,,
Department of Conservation and Recreation,David A Summers,600 East Main Street,,,Richmond,23219,804-371-7458,804-786-9294,david.summers@dcr.virginia.gov,,
Department of Corrections,Harold W Clarke,6900 Atmore Drive,,,Richmond,23225,804-674-3119,804-674-3509,director.clarke@vadoc.virginia.gov,www.vadoc.virginia.gov,
Department of Criminal Justice Services,Francine C Ecker,1100 Bank Street,,,Richmond,23219,804-786-4000,804-371-8981,,www.dcjs.state.va.us,
Department of Criminal Justice Services,Sharon W Gray,1100 Bank Street,,,Richmond,23219,757-426-6532,757-721-2024,sharon.gray@dcjs.virginia.gov,www.dcjs.virginia.gov,
Department of Juvenile Justice,Andrew K Block Jr.,700 East Franklin Street,,,Richmond,23219,804-588-3903,,andrew.block@djj.virginia.gov,www.djj.virginia.gov,
Department of Motor Vehicles,Joseph A Hill,,,PO Box 26407,Richmond,23261,804-474-2239,804-367-8087,joseph.hill@dmv.virginia.gov,www.dmv.state.va.us,
Division of Capitol Police,Anthony S Pike,,,PO Box 1138,Richmond,23218,804-786-2567,804-786-0433,spike@dcp.virginia.gov,www.dcp.virginia.gov,
DJJ / Investigative Unit,James Horn,600 East Main Street,20th Flr,,Richmond,23219,804-588-3850,,james.horn@djj.virginia.gov,www.djj.virginia.gov/adminpages/investigationsunit.aspx,
DOC / Investigative Unit,Rodney K Dent,6900 Atmore Dr.,Suite 1030,,Richmond,23225,804-887-8285,804-674-3593,paul.haymes@vadoc.virginia.gov,,
J. Sargeant Reynolds Community College PD,Paul D Ronca ,1651 E. Parham Road,,PO Box 85622,Richmond,23285-5627,804-523-5239,804-371-3724,pronca@reynolds.edu,www.reynolds.edu/campuspolice,
Office of the State Inspector General,"June W Jennings, State Inspector General",101 N. 14th Street,7th Floor,,Richmond,23219,804-239-7773,804-786-2341,june.jennings@osig.virginia.gov,,
Richmond City Sheriff's Office,C. T Woody,1701 Fairfield Way,,,Richmond,23223,804-646-0925,804-646-0950,ct.woody@richmondgov.com,www.richmondgov.com/departments/sheriff,
Richmond Department of Emergency Communications,Stephen M Willoughby,3516 N. Hopkins Road,,,Richmond,23224,804-646-5142,804-646-8481,stephen.willoughby@richmondgov.com,,
Richmond International Airport Police,Richard J Clark ,1 Richard E. Byrd Terminal Drive,,,Richmond,23250,804-226-3081,804-226-3079,rclark@flyrichmond.com,,
Richmond Police Academy,Harvey S Powers,1202 W. Graham Road,,,Richmond,23220,804-646-6117,804-646-6194,harvey.powers@richmondgov.com,www.ci.richmond.va.us/Police/academy.aspx,
Richmond Police Department,Alfred Durham ,200 West Grace Street,,,Richmond,23220,804-646-6700,804-646-3974,alfred.durham@richmondgov.com,www.ci.richmond.va.us/police/,
Richmond Sheriff's Office Training Center,Kenneth Anderson,1701 Fairfield Way,,,Richmond,23223,804-646-0988,804-646-4430,kenneth.anderson@richmondgov.com,www.richmondgov.com/Sheriff/DivisionTraining.aspx,
Virginia Alcohol Beverage Control Pd,Ryant L Washington,2901 Hermitage Road,,,Richmond,23220,804-977-7443,804-213-4574,ryant.washington@abc.virginia.gov,www.abc.virginia.gov,
Virginia Alcohol Beverage Control Training Academy,Ryan L Porter,2901 Hermitage Road,,PO Box 27491,Richmond,23261,804-213-4623,804-213-4574,ryan.porter@abc.virginia.gov,www.abc.virginia.gov,
Virginia Commonwealth University Police Academy,Howard M O`Berry,,,PO Box 842024,Richmond,23284-2024,804-828-2025,804-827-0900,hmoberry@vcu.edu,www.vcu.edu/police,
Virginia Commonwealth University Police Dept.,John A Venuti ,912 W. Frankin Street,,,Richmond,23284-2024,804-828-1210,804-828-1199,javenuti@vcu.edu,www.vcu.edu/police,
Virginia Law Enf. Prof. Standards Comm.,Derrick M Mays,1100 Bank Street,9th Floor,,Richmond,23219,804-786-8421,804-786-0410,derrick.mays@dcjs.virginia.gov,www.dcjs.virginia.gov/accred,
Virginia Lottery Department,Mark Trawitzki,900 E. Main St.,,,Richmond,23219,804-692-7222,804-692-7227,mtrawitzki@valottery.com,www.valottery.com,
Virginia Police Chiefs Foundation,Stephanie Diaz,1606 Santa Rosa Road,Suite 134,,Richmond,23288,804-285-8227,804-285-3363,stephanie@vapolicefoundation.org,vapolicefoundation.org,
Virginia Sheriffs` Association,John W Jones,701 E. Franklin St,Ste 706,,Richmond,23219-2512,804-225-7152,804-225-7162,jjones@virginiasheriffs.org,www.virginiasheriffs.org,
Virginia State Police,Steven Flaherty,7700 Midlothian Turnpike,,,Richmond,23235,804-674-2087,804-674-2936,supt@vsp.virginia.gov,www.vsp.virginia.gov,
Virginia State Police Academy,Matthew D Hanley,,,PO Box 27472,Richmond,23261-7472,804-674-2185,804-674-2089,matthew.hanley@vsp.virginia.gov,www.vsp.state.va.us,
Virginia Union University Pd,Carlton G Edwards,1500 North Lombardy St.,,,Richmond,23220,804-257-5850,804-342-3934,cgedwards@vuu.edu,www.vuu.edu,
Carilion Clinic Police Department - Roanoke,Steve Lugar,,,PO Box 13367,Roanoke,24033,540-981-7747,540-983-1158,bslugar@carilionclinic.org,http://www.carilionclinicpolice.org,
Roanoke City Police Department,Chris Perkins ,348 Campbell Avenue SW,,,Roanoke,24016,540-853-2203,540-853-6043,chief@roanokeva.gov,www.roanokeva.gov/police,
Roanoke City Sheriff's Office,Tim A Allen,340 Campbell Ave. SW,,,Roanoke,24016,540-853-1717,540-853-5353,sheriff@roanokeva.gov,www.roanokegov.com/sheriff,
Roanoke Communications Center,Michael K Crockett,215 Church Ave SW,Rm 162,,Roanoke,24011,540-853-2945,540-853-1599,michael.crockett@roanokeva.gov,,
Roanoke County Criminal Justice Academy,Mike Williams,5401 Barnes Avenue,,,Roanoke,24019,540-777-8642,,mwilliams@roanokecountyva.gov,www.roanokecountyva.gov/rccja,
Roanoke County Emergency Communication Center,Aleta G Coleman,5925 Cove Rd.,,,Roanoke,24019,540-777-8656,540-777-9769,acoleman@roanokecountyva.gov,http://cafe.co.roanoke.va.us/CommIT/SitePages/Home.aspx,
Roanoke County Police Department,Howard B Hall ,5925 Cove Road,,,Roanoke,24019,540-777-8601,540-777-9768,hhall@roanokecountyva.gov,www.co.roanoke.va.us/police,
Roanoke Police Academy,Chester Smith,5401-B Barns Ave NW,,,Roanoke,24019,540-853-2286,540-853-1114,chester.smith@roanokeva.gov,www.roanokeva.gov/WebMgmt/ywbase61b.nsf/DocName/$police,
Roanoke Regional Airport Commission,Anthony M Agee,5202 Aviation Drive,,,Roanoke,24012-1148,540-362-1999,540-563-4838,TonyA@roanokeairport.com,roanokeairport.com,
Virginia Western Community College PD,Craig S Harris ,3054 Colonial Ave SW,,,Roanoke,24015,540-857-7797,,charris@virginiawestern.edu,www.virginiawestern.edu/police,
Franklin County Sheriff's Office,William Q Overton Jr.,70 E. Court St.,Suite 101,,Rocky Mount,24151,540-483-3000,540-483-7757,bill.overton@franklincountyva.gov,sheriff.franklincountyva.org,
Rocky Mount Police Department,Kenneth E Criner,1250 N. Main Street,,,Rocky Mount,24151,540-483-9275,540-484-1520,kcriner@rockymountva.org,,
Rural Retreat Police Department,Scott A Mitchell ,,,PO Box 130,Rural Retreat,24368-0130,276-686-4221,276-686-4922,smitchell@townofruralretreat.com,,
Campbell County Communications Center,Tracy M Fairchild,,,PO Box 500,Rustburg,24588,434-332-9641,434-332-2957,tmfairchild@co.campbell.va.us,,
Campbell County Sheriff's Office,Steve A Hutcherson,,,PO Box 280,Rustburg,24588-0280,434-332-9580,434-332-2710,sheriff@co.campbell.va.us,,
Saint Paul Police Department,James Phillips ,,,PO Box 66,Saint Paul,24283,276-762-5022,276-762-0479,bophillips@stpaulva.onmicrosoft.com,,
Cardinal Criminal Justice Academy,Carl Vickers,917 Central Avenue,,,Salem,24153,540-375-3095,540-375-4100,kvickers@cardinalacademy.org,www.cardinalacademy.org/,
Roanoke County Sheriff's Office,Joseph E Orange,401 East Main Street,,,Salem,24153,540-283-3100,540-387-6203,eorange@roanokecountyva.gov,www.roanokecountyva.gov/index.aspx?NID=89,
Salem City Sheriff's Office,Eric Atkins,2 East Calhoun St.,,,Salem,24153,540-389-0978,540-375-4055,ratkins@salemva.gov,,
Salem Police Department,Michael D Crawley ,36 E. Calhoun Street,,,Salem,24153,540-375-3010,540-375-4015,mcrawley@salemva.gov,www.salempdva.com,
Western Virginia Regional Jail,Bobby Russell,5885 West River Road,,,Salem,24153,540-378-3701,540-380-3143,bobby.russell@westernvaregionaljail.org,www.westernvaregionaljail.org,
Saltville Police Department,Gary C Wilcox ,,,PO Box 730,Saltville,24370,276-262-9110,276-496-8935,saltvillepolicechief@saltville.org,,
Middle Peninsula Regional Security Center,Timothy P Doss,,,PO Box 403,Saluda,23149,804-758-2338,804-758-4295,tdoss@mprsc.org,mprsc.org,
Middlesex County Sheriff`s Office,David P Bushey,,,PO Box 207,Saluda,23149,804-758-1335,804-758-0023,d.tate@co.middlesex.va.us,,
Saxis Police Department,Wilson S Glenn ,,,PO Box 90,Saxis,23427,757-824-5574,,,,
Scottsville Police Department,Robert H Layman ,105 E. Main Street,,,Scottsville,22945,434-286-2511,434-286-8868,cop@scottsville.org,scottsville.org,
Shenandoah Police Department,Paul W Davis ,411 2nd Street,,,Shenandoah,22849,540-652-8193,540-652-8640,k9lt603@yahoo.com,,
Smithfield Police Department,Steven Bowman ,913 South Church Street,,,Smithfield,23430,757-357-3247,757-357-6551,sbowman@smithfieldva.gov,www.smithfieldva.gov/police/,
South Boston Police Department,James W Binner ,640 Hamilton Blvd.,,,South Boston,24592,434-575-4270,434-575-0179,jbinner@southbostonva.us,www.southboston.com,
South Hill Police Department,Norman J Hudson ,103 S. Brunswick Ave.,,,South Hill,23970,434-447-3104,434-955-2101,chief.hudson@southhillpd.com,www.southhillpd.com,
Spotsylvania County Emergency Communications,Lisa Usher,,,PO Box 1146,Spotsylvania,22553,540-507-7161,540-582-5321,,,
Spotsylvania County Sheriff`s Office,Roger L Harris,,,PO Box 124,Spotsylvania,22553,540-507-7164,540-507-5321,rlharris@spotsylvania.va.us,www.spotsylvaniasheriff.org,
Aquia Harbour Police Department,Patricia Harman ,1221 Washington Drive,,,Stafford,22554,540-659-4600,540-659-0730,chiefharmanahpd@aol.com,aquiaharbourpolice.com,
Rappahannock Regional Jail,Joseph A Higgs Jr.,1745 Jefferson Davis Hwy 6.,,PO Box 3300,Stafford,22555,540-288-5204,540-657-8733,jhiggs@rrj.state.va.us,,
Stafford County Sheriff's Office,David P Decatur Jr.,,,PO Box 189,Stafford,22555-0189,540-658-4425,540-658-4715,dpdecatur@co.stafford.va.us,www.co.stafford.va.us/sheriff,
Greene County Sheriff's Office,Steven S Smith,10005 Spotswood Trail,,,Stanardsville,22973,434-985-2222,434-985-3373,ssmith@gcvasheriff.us,www.greenecountysheriffva.com,
Stanley Police Department,Ryan B Dean,278 East Main Street,,,Stanley,22851,540-778-2615,540-778-1039,stanleypolicedept@yahoo.com,,
Middle River Regional Jail,Jack Lee,350 Techonology Dr.,,PO Box 2744,Staunton,24402-2744,540-245-5420,540-245-5425,jalee@co.augusta.va.us,www.middleriverregionaljail.org,
Staunton City Sheriff's Office,Alexander L Caldwell Jr.,113 E. Beverly Street,,PO Box 64,Staunton,24402,540-332-3880,540-332-3970,caldwellal@ci.staunton.va.us,,
Staunton Police Department,James E Williams,116 W Beverley St.,,,Staunton,24401,540-332-3845,540-332-3980,williamsje@ci.staunton.va.us,www.staunton.va.us,
Virginia School for the Deaf and Blind Campus PD,Charles R Coker,,,PO Box 2069,Staunton,24402,540-332-9437,540-332-9042,Charlie.Coker@vsdb.k12.va.us,www.vsdb.k12.va.us/publicsafety/,
Stephens City Police Department,Charles E Bockey Jr. ,,,PO Box 250,Stephens City,22655,540-868-1012,540-869-6166,cbockey@stephenscityva.us,,
Strasburg Police Department,Timothy Sutherly ,,,PO Box 351,Strasburg,22657,540-465-5230,540-465-8091,tsutherly@strasburgva.com,,
Patrick County Sheriff's Office,Dan M Smith,742 Commerce St,,,Stuart,24171,276-694-3161,276-694-5330,dmsmith@sheriff.co.patrick.va.us,,
Suffolk City Sheriff's Office,Raleigh H Isaacs Sr.,150 N. Main St.,,PO Box 1632,Suffolk,23434,757-514-7840,757-514-7853,risaacs@city.suffolk.va.us,www.suffolk.va.us,
Suffolk Police Department,Thomas E Bennett ,111 Henley Place.,,PO Box 1678,Suffolk,23439,757-514-7900,757-514-4227,tbennett@city.suffolk.va.us,www.suffolk.va.us,
Western Tidewater Regional Jail,William C Smith,2402 Godwin Blvd.,,,Suffolk,23434,757-539-3119,757-539-6409,smithw@wtrj.org,www.wtrj.org,
Surry County Sheriff's Office,Carlos L Turner,45 School St.,,PO Box 233,Surry,23883,757-294-5267,757-294-5111,cturner@surrycountyva.gov,,
Sussex County Sheriff's Office,Raymond R Bell,,,PO Box 1326,Sussex,23884,434-246-5000,434-246-5714,sussexsheriffdept@erols.com,,
Tangier Police Department,John Charmock,,,PO Box 244,Tangier,23440,757-891-2342,757-891-2404,tgitownoffice@yahoo.com,,
Essex County Sheriff`s Office,Stanley Clarke,,,PO Box 1461,Tappahannock,22560,804-443-3346,804-443-3340,sclarke@essex-virginia.org,,
Tappahannock Police Department,James G Ashworth Jr. ,,,PO Box 266,Tappahannock,22560,804-443-3992,804-445-1326,jashworth@tapp-pd.org,www.tapp-pd.org,
Tazewell County 911,Derrick S Ruble,315 School Street,Suite 9,,Tazewell,24651,276-988-0803,276-988-5012,Derrick.Ruble@tazewellcountysheriff.org,www.tazewellcounty.org,
Tazewell County Sheriff's Office,Brian Hieatt,315 School Street,Suite 3,,Tazewell,24651,276-988-5966,276-988-5790,brian.hieatt@tazewellcountysheriff.org,http://www.facebook.com/tazewellcountysheriffoffice,
Tazewell Police Department,Dewitt Cooper ,,,PO Box 608,Tazewell,24651,276-988-2503,276-988-0972,tazpolchf@taztown.org,,
Timberville Police Department,John R Dodd ,392 S. Main Street,,,Timberville,22853,540-896-3321,540-896-5974,timbervillepd@msn.com,,
James City County Emergency Communications,Julie Mckercher,3131 Forge Road,,,Toano,23168,757-564-2144,757-566-0842,julie.mckercher@jamescitycountyva.gov,www.jamescitycountyva.gov/fire/central-dispatch.html,
University of Richmond Police Department,David M Mccoy ,31 UR Drive,,,University of Richmond,23173,804-289-8718,804-289-8720,dmccoy2@richmond.edu,http://oncamhttp://police.richmond.edu/,
University of Richmond Police,,31 UR Drive,Special Programs Building,,University of Richmond,23173,804-289-8715,804-289-8720,police@richmond.edu,http://police.richmond.edu/,
Augusta County Emergency Operations Center,Donna J Good,18 Government Center Lane,,,Verona,24482,540-245-5503,540-245-5506,dgood@co.augusta.va.us,,
Augusta County Sheriff's Office,Donald L Smith,,,PO Box 860,Verona,24482,540-245-5333,540-245-5330,dsmith@co.augusta.va.us,www.co.augusta.va.us/sheriff,
Victoria Police Department,Howard K Phillips,1802 Main Street,,PO Box 1421,Victoria,23974,434-696-2334,434-696-3511,keith.phillips@victoriava.net,www.victoriava.net,
Vienna Police Department,James A Morris ,215 Center St.,S.,,Vienna,22180,703-255-6366,703-255-5732,jmorris@viennava.gov,https://www.viennava.gov/index.aspx?NID=136,
Vinton Police Department,"Jeff A Dudley, Interim Chief",311 S Pollard Street,,,Vinton,24179,540-983-0617,540-983-2864,jdudley@vintonva.gov,,
Regent University Police Department,Chris A Mitchell Sr,977 Centerville Turnpike,,,Virginia Beach,23464,757-226-5030,757-226-5031,ca.mitchell@cbn.org,,
Virginia Beach 911 Emergency Center,Athena M Plummer,2508 Princess Anne Road,Bldg. 30,,Virginia Beach,23456,757-385-4232,757-385-1810,lstiles@vbgov.com,,
Virginia Beach City Sheriff`s Office,Ken Stolle,,,PO Box 6098,Virginia Beach,23456-6098,757-385-4073,757-385-5037,kstolle@vbso.net,www.vbgov.com/dept/sheriff,
Virginia Beach Police Academy,Jarvis D Lynch,411 Integrity Way,,,Virginia Beach,23451,757-385-6354,757-385-7654,jdlynch@vbgov.com,www.vbgov.com/dept/police,
Virginia Beach Police Department,James A Cervera ,2509 Princess Anne Road,Municipal Center,,Virginia Beach,,23456,757-385-4141,757-385-9163,jcervera@vbgov.com,www.vbgov.com/dept/police
Virginia Beach Sheriff's Office Training Academy,Lori D Harris,411 Integrity Way,,,Virginia Beach,23451,757-385-6351,757-437-7549,ldharris@vbso.net,www.vbso.net,
Bath County Sheriff's Office,Robert W Plecker,,,PO Box 218,Warm Springs,24484,540-839-2375,540-839-3344,baso@tds.net,,
Fauquier County Sheriff's Office,Robert P Mosier,78 West Lee Street,,,Warrenton,20186,540-422-8600,540-422-8605,robert.mosier@fauquiercounty.gov,fauquiercounty.gov/government/departments/sheriff/,
Warrenton Police Department,Louis A Battle,333 Carriage House Lane,,,Warrenton,20186,540-347-1100,540-341-4190,lbattle@warrentonva.gov,,
Northern Neck Regional Jail,Ted Hull,,,PO Box 1090,Warsaw,22572,804-333-6419,804-333-4366,ted@nnrj.state.va.us,,
Richmond County Sheriff's Office,Douglas Bryant,,,PO Box 115,Warsaw,22572,804-333-3611,804-333-5418,bryantdouglas901@yahoo.com,,
Warsaw Police Department,Christopher J Spare,78 Belleville Lane,,PO Box 730,Warsaw,22572,804-333-3737,804-333-3104,cspare@town.warsaw.va.us,www.townofwarsaw.com,
Metro Transit Police Academy,Douglas S Durham,600 5th Street,NW Floor 5D,,Washington DC,20001,301-955-5483,,DDurham@wmata.co,www.wmata.com/about_metro/transit_police/training.cfm,
Metro Washington Airport Authority Pd,Scott C Booth,Reagan National Airport,MA-310,,Washington DC,20001,703-417-8500,703-417-1282,scott.booth@mwaa.com,www.mwaa.com,
Metro. Wash. Airport Auth. PS Communication Center,Marilyn Anderson,3101 Thomas Avenue,Hangar 5A,,Washington DC,20001,703-417-2420,703-417-2447,marilyn.anderson@mwaa.com,www.mwaa.com,
Rappahannock County Sheriff`s Office,Connie C Smith,383 Porter Street,,,Washington,22747,540-675-5300,540-675-5301,ccsmith@rappahannockcountyva.gov,,
Washington Metro Area Transit Pd,Ronald A Pavlik Jr ,600 Fifth St.,N.W. Rm 5 D 23,,Washington DC,20001,202-962-2150,202-962-2491,rpavlik@wmata.com,,
Waverly Police Department,Derrick A Banks,119 Bank Street,,PO Box 318,Waverly,23890,804-834-2324,804-834-3764,dbanks@waverlypd.com,,
Waynesboro City Emergency Communication,Gary P Critzer,250 S. Wayne Avenue,Suite 301,,Waynesboro,22980,540-942-6698,540-942-6521,Critzergp@ci.waynesboro.va.us,www.waynesboro.va.us,
Waynesboro City Sheriff's Office,Joe Harris Jr.,,,PO Box 189,Waynesboro,22980,540-942-6639,540-942-6794,harrisj@ci.waynesboro.va.us,,
Waynesboro Police Department,Michael D Wilhelm ,250 S. Wayne Ave.,Suite 102 Box 3,,Waynesboro,22980,540-942-6675,540-942-6689,wilhelmmd@ci.waynesboro.va.us,www.waynesboro.va.us,
Weber City Police Department,J. Phillip Lane ,2758 U S Highway 23 N,Suite U-10,,Weber City,24290,276-386-1369,276-386-1469,wcpd911@mounet.com,,
West Point Police Department,Robert Mawyer ,433 12th St.,,PO Box 152,West Point,23181,804-843-2800,804-843-4161,wppd-chief@west-point.va.us,www.west-point.va.us/police.html,
Blue Ridge Community College PD,Wayne S Martin,One College Lane,,PO Box 80,Weyers Cave,24486-0080,540-453-2347,540-234-9066,martinw@brcc.edu,www.brcc.edu,
Central Shenandoah Criminal Justice Academy,Randy D Mullins,3045 Lee Highway,,,Weyers Cave,24486,540-234-9191,540-234-8211,rmullins@centralshenandoahacademy.com,www.cscjta.org,
White Stone Police Department,Clifford R Dawson Sr.,433 Rappahannock Drive,,PO Box 11,White Stone,22578,804-435-3260,804-435-1008,luger03@yahoo.com,,
College of William & Mary Campus PD,Dorothy D Cheesebro,,,PO Box 8795,Williamsburg,23187-8795,757-221-1143,757-221-1153,,www.wm.edu/police,
James City County Police Department,Bradley J Rinehimer,,,PO Box 8784,Williamsburg,23187-8784,757-259-5141,757-229-8729,brad.rinehimer@jamescitycountyva.gov,www.jamescitycountyva.gov/police,
Kingsmill Police Department,James R West,309 McLaws Circle,Suite D,,Williamsburg,23185,757-603-6010,757-603-6005,jwest@kingsmillpolice.org,www.kingsmillpolice.org,
Virginia Peninsula Regional Jail,John R Kuplinski,9320 Merrimac Trail,,,Williamsburg,23185,757-820-3901,757-887-1849,Johnrk@vprj.net,vpcj.net,
Williamsburg -James City County Sheriff`s Office,Robert J Deeds,5201 Monticello Avenue,Suite 5,,Williamsburg,23188,757-564-2220,757-564-2229,wjccso@wjccso.hrcoxmail.com,,
Williamsburg Police Department,David Sloggie,425 Armistead Ave.,,,Williamsburg,23185,757-259-7202,757-259-7204,dsloggie@williamsburgva.gov,http://cowpublic.internal.williamsburgva.gov/dept/wpd/index.htm,
Frederick County Public Safety Communications,Leeanna Pyles,1080 Coversone Drive,,,Winchester,22602,540-665-6356,540-723-8848,lpyles@co.frederick.va.us,,
Frederick County Sheriff`s Office,Lenny W Millholland,1080 Coverstone Drive,,,Winchester,22602,540-662-6168,540-504-6400,lmillholland@fcva.us,www.co.frederick.va.us/sheriff,
Northwestern Regional Adult Detention Center,James F Whitley,141 Fort Collier Road,,,Winchester,22603,540-665-6374,540-665-1615,jwhitley@fcva.us,,
Winchester City Sheriff's Office,Leslie R Taylor,5 N. Kent Street,,,Winchester,22601,540-667-5770,540-667-6438,les.taylor@winchesterva.gov,,
Winchester Emergency Comm. Center,Frank Wright,231 E. Piccadilly St.,Suite 330,,Winchester,22601,540-662-4131,540-542-1318,winecc@ci.winchester.va.us,,
Winchester Police Department,Kevin L Sanzenbacher,231 E. Piccadilly Street,,,Winchester,22601,540-545-4700,540-542-1314,police@winchesterva.gov,,
Windsor Police Department,Rodney Riddle,,,PO Box 307,Windsor,23487-0307,757-242-6799,757-242-0328,rriddle@windsor-va.gov,www.windsor-va.gov,
Wintergreen Police Department,Stanley M Olah ,88 Wintergreen Drive,,,Wintergreen Resort,22967,434-325-7340,434-325-1464,stanolah@wintergreenpolice.org,www.wtgpoa.org/pol.htm,
University of Virginia College at Wise PD,Ronald  Ronnie- L Shortt ,1 College Ave,,,Wise,24293,276-328-0190,276-376-1074,rls6k@uvawise.edu,,
Wise County Sheriff's Office,R. D Oakes,,,PO Box 916,Wise,24293,276-328-3566,276-328-2624,sheriff@wiseso.net,www.wiseso.net,
Wise Police Department,Anthony D Bates ,501 W. Main St.,,PO Box 1100,Wise,24293,276-328-9046,276-328-2468,chief@wisepd.com,www.wisepd.com,
Shenandoah Co Dept of Emergency Communications,R Jason Malloy,600 N Main Street,Suite 109,,Woodstock,22664,540-459-6323,,jmalloy@shenandoahcountyva.us,shenandoahcountyva.us,
Shenandoah County Sheriff`s Office,Timothy C Carter,109 W. Court St.,,,Woodstock,22664,540-459-6100,540-459-6114,sheriff@shencosheriff.com,www.shencosheriff.com,
Woodstock Police Department,Eric L Reiley,134 N. Muhlenberg Street,,,Woodstock,22664,540-459-2141,540-459-3463,eric.reiley@townofwoodstockva.gov,,
Wythe County Sheriff's Office,William K Dunagan,245 S. 4th Street,,PO Box 819,Wytheville,24382,276-223-6099,276-223-6127,sheriff@wytheco.org,www.wytheco.org,
Wytheville Community College PD,Mitchell S Burnette,1000 E. Main St.,,,Wytheville,24382,276-223-4762,276-223-4778,sburnette@wcc.vccs.edu,,
Wytheville Police Department,Ricky W Arnold ,185 West Spring St.,,,Wytheville,24382,276-223-3300,276-223-3313,rickya@wytheville.org,,
York / Poquoson Sheriff`s Office,Joseph D Diggs,,,PO Box 99,Yorktown,23690-0099,757-890-3630,757-890-3649,sheriff@yorkcounty.gov,www.yorkcounty.gov/sheriff,
York/Poquoson/Williamsburg Regional 911,D. T Hall,301 Goodwin Neck Road,,P.O. 532,Yorktown,23690,757-890-3621,757-890-3608,Hallt@yorkcounty.gov,,