Title,URL
Waterkeepers Chesapeake,http://www.waterkeeperschesapeake.org/
Chesapeake Bay Foundation,http://www.cbf.org/
Chesapeake Bay Trust,www.cbtrust.org/
Virginia - Clean Water Action,http://www.cleanwateraction.org/va
Eastern Shore Land Conservancy,http://www.eslc.org/
Chesapeake Bay Program,http://www.chesapeakebay.net/
Maryland Sea Grant,http://www.mdsg.umd.edu/
Chesapeake Quarterly,http://www.chesapeakequarterly.net/
Chesapeake Bay Gateways and Watertrails Network,http://www.baygateways.net
Bay Backpack,http://www.baybackpack.com
Captain John Smith Chesapeake National Historic Trail,http://www.smithtrail.net
Star-Spangled Banner National Historic Trail,http://www.starspangledtrail.net
Bay Journal,http://www.bayjournal.com
ChesapeakeSTAT,http://www.chesapeakestat.com/
James River Association,http://www.jamesriverassociation.org/
Susqehanna Gateway Heritage Area,http://www.susquehannaheritage.org/
"Lateral Line Posts Tagged with ""Chesapeake Bay""",http://laterallineco.com/blog/category/fishing-journal/chesapeake-bay/
Find Your Chesapeake - NPS and Chesapeake Conservancy,http://findyourchesapeake.com/
Chesapeake Conservancy,http://www.chesapeakeconservancy.org/
Bay News - Chesapeake Boating by Chesapeake Bay Magazine,http://www.chesapeakeboating.net/Pages/Bay-News.aspx